hike_name,difficulty,distance,elevation_gain,latitiude,longitute,drive_time
4T Loop Hike,Easy,4.4 miles,775 feet,Latitude: 45.50287,Longitude: -122.69169,10 minutes
Abbott Butte Hike,Easy,7 miles,"1,500 feet",Latitude: 45.50287,Longitude: -122.69169,10 minutes
Ainsworth Loop Hike,Easy,0.4 miles,150 feet,Latitude: 45.59232,Longitude: -122.0584,40 minutes
Airport Park Loop Hike,Easy,1.4 miles,30 feet,Latitude: 45.1973,Longitude: -123.1466,55 minutes
Alder Flat Hike,Easy,1.6 miles,210 feet,Latitude: 45.0807,Longitude: -122.0562,70 minutes
Alder Island Loop Hike,Easy,0.8 miles,5 feet,Latitude: 44.89535,Longitude: -124.00874,2 hours
Alder Ridge Loop Hike,Easy,2.6 miles,380 feet,Latitude: 45.48313,Longitude: -122.30071,40 minutes
Alder-Wildwood Loop Hike,Easy,2.9 miles,460 feet,Latitude: 45.53838,Longitude: -122.73407,15 minutes
Alsea and Green Peak Falls Hike,Easy,4.2 miles,230 feet,Latitude: 44.32410,Longitude: -123.49186,115 minutes
Alton Baker Park Loop Hike,Easy,4.9 miles,30 feet,Latitude: 44.0554,Longitude: -123.0811,
Ape Cave Hike,Easy,2 miles,180 feet,Latitude: 46.108408,Longitude: -122.211442,100 minutes
Arboretum to Pittock Mansion Hike,Easy,3.9 miles,625 feet,Latitude: 45.51530,Longitude: -122.71597,15 minutes
Ascension Trail to Bull Mountain Hike,Easy,2.5 miles,460 feet,Latitude: 45.42765,Longitude: -122.81963,20 minutes
Astoria Demonstration Forest Hike,Easy,2.4 miles,140 feet,Latitude: 46.15359,Longitude: -123.79636,115 minutes
Astoria Riverwalk Hike,Easy,12.8 miles,0 feet,Latitude: 46.18455,Longitude: -123.86291,115 minutes
Audubon Sanctuaries Loop Hike,Easy,3 miles,740 feet,Latitude: 45.52676,Longitude: -122.73013,10 minutes
Avery Park Loop Hike,Easy,1.3 miles,30 feet,Latitude: 44.5554,Longitude: -123.2729,
Bagby Hot Springs Hike,Easy,3.4 miles,200 feet,Latitude: 44.95402,Longitude: -122.17023,90 minutes
Balch Canyon Loop Hike,Easy,2.1 miles,350 feet,Latitude: 45.5361,Longitude: -122.7188,10 minutes
Bald Hill Loop Hike,Easy,3.1 miles,440 feet,Latitude: 44.57635,Longitude: -123.32621,85 minutes
Bald Mountain from Top Spur Hike,Easy,2 miles,550 feet,Latitude: 45.40775,Longitude: -121.78589,
Balfour-Klickitat Loop Hike,Easy,0.7 miles,115 feet,Latitude: 45.69931,Longitude: -121.29345,80 minutes
Bandon Beach Hike,Easy,7.4 miles,,Latitude: 43.1222,Longitude: -124.4283,
Barlow Wayside Loop Hike,Easy,2.7 miles,185 feet,Latitude: 45.3825,Longitude: -122.0374,60 minutes
Bates State Park Loop Hike,Easy,2.3 miles,140 feet,Latitude: 44.5913,Longitude: -118.5131,
Battle Ground Lake Loop Hike,Easy,2.1 miles,205 feet,Latitude: 45.80288,Longitude: -122.49089,
Bear Lake Hike,Easy,2.6 miles,480 feet,Latitude: 45.63621,Longitude: -121.74248,100 minutes
Bear Lake hike,Easy,2.6 miles,480 feet,Latitude: 45.63621,Longitude: -121.74248,100 minutes
Bear lake hike,Easy,2.6 miles,480 feet,Latitude: 45.63621,Longitude: -121.74248,100 minutes
Beaver Bay Hike,Easy,3.9 miles,195 feet,Latitude: 46.06142,Longitude: -122.26358,70 minutes
Beaver Creek Loop Hike,Easy,4.6 miles,440 feet,Latitude: 44.5144,Longitude: -124.0499,150 minutes
Beaver Falls Hike,Easy,0.7 miles,100 feet,Latitude: 46.10387,Longitude: -123.12982,80 minutes
Beazell Memorial Forest Loop Hike,Easy,3.9 miles,885 feet,Latitude: 44.65204,Longitude: -123.42527,2 hours
Bessie Butte Hike,,,,Latitude: 43.95121,Longitude: -121.26262,
Bessie butte hike,Easy,1.58 miles,496 feet,Latitude: 43.95121,Longitude: -121.26262,
Big Creek Falls Hike,Easy,1.4 miles,180 feet,Latitude: 46.09328,Longitude: -121.90723,2.25 hours
Big Creek-Forest Park Hike,Easy,3.6 miles,560 feet,Latitude: 44.65927,Longitude: -124.05532,135 minutes
Big Obsidian Flow Loop Hike,Easy,0.8 miles,200 feet,Latitude: 43.70655,Longitude: -121.23580,
Big Pine Loop Hike,Easy,4.2 miles,180 feet,Latitude: 43.76979,Longitude: -121.51834,3 3/4 hours
Black Lake Loop Hike,Easy,2.6 miles,150 feet,Latitude: 46.31401,Longitude: -124.04256,130 minutes
Black Wolf Meadows-Anvil Lake Hike,Easy,2.6 miles,170 feet,Latitude: 45.14646,Longitude: -121.87041,95 minutes
Bloom Lake Hike,Easy,3.4 miles,675 feet,Latitude: 45.8380,Longitude: -123.5136,60 minutes
Blue Horse Loop Hike,Easy,5.2 miles,560 feet,Latitude: 46.16650,Longitude: -122.26228,90 minutes
Blue Lake Park Loop Hike,Easy,2 miles,30 feet,Latitude: 45.55566,Longitude: -122.44746,20 minutes
Blue horse Loop Hike,Easy,5.2 miles,560 feet,Latitude: 46.16650,Longitude: -122.26228,90 minutes
Bob Bammert Grove Hike,Easy,1.2 miles,315 feet,Latitude: 46.8960,Longitude: -123.0966,2 hours
Bobby Lake Hike,Easy,4.2 miles,275 feet,Latitude: 43.6718,Longitude: -122.0200,
Bonney Butte Hike,Easy,1.2 miles,220 feet,Latitude: 45.26706,Longitude: -121.58939,115 minutes
Bridal Veil Falls Hike,Easy,1.4 miles,205 feet,Latitude: 45.55346,Longitude: -122.18291,35 minutes
Bridal veil falls Hike,Easy,1.4 miles,205 feet,Latitude: 45.55346,Longitude: -122.18291,35 minutes
Bridal veil falls hike,Easy,1.4 miles,205 feet,Latitude: 45.55346,Longitude: -122.18291,35 minutes
Browns Ferry Hike,Easy,2.1 miles,25 feet,Latitude: 45.3833,Longitude: -122.7407,20 minutes
Bryant Woods-Canal Acres Loop Hike,Easy,1.7 miles,40 feet,Latitude: 45.38646,Longitude: -122.72092,20 minutes
Buck Creek Falls Loop Hike,Easy,2.8 miles,770 feet,Latitude: 45.80295,Longitude: -121.53549,75 minutes
Buck Creek on Larch Mountain Hike,Easy,1.8 miles,310 feet,Latitude: 45.51778,Longitude: -122.17206,40 minutes
Bullards Beach Hike,Easy,4.6 miles,,Latitude: 43.1455,Longitude: -124.4156,
Burnside Park-Maddax Woods Hike,Easy,1.1 miles,115 feet,Latitude: 45.3733,Longitude: -122.6203,20 minutes
Burnt Bridge Creek Hike,Easy,"5 miles
7.6 miles
3.6 miles
8.1 miles","20 feet
180 feet
60 feet
120 feet",Latitude: 45.67338,Longitude: -122.69025,20 minutes
Bush's Pasture Loop Hike,Easy,2.2 miles,60 feet,Latitude: 44.93029,Longitude: -123.03469,60 minutes
Calloway Creek Loop Hike,Easy,4.1 miles,330 feet,Latitude: 44.6567,Longitude: -123.2323,85 minutes
Camassia Natural Area Loop Hike,Easy,1.4 miles,160 feet,Latitude: 45.35922,Longitude: -122.61824,30 minutes
Canby Logging Road Hike,Easy,7.3 miles,90 feet,Latitude: 45.2796,Longitude: -122.6790,
Canemah Bluff Loop Hike,Easy,2.4 miles,190 feet,Latitude: 45.34487,Longitude: -122.62571,30 minutes
Cannon Beach Nature Loop Hike,Easy,2.1 miles,10 feet,Latitude: 45.89748,Longitude: -123.96002,90 minutes
Cape Disappointment Hike,Easy,2.9 miles,385 feet,Latitude: 46.28259,Longitude: -124.05878,135 minutes
Cape Falcon Hike,Easy,4.8 miles,160 feet,Latitude: 45.76312,Longitude: -123.95607,105 minutes
Cape Flattery Hike,Easy,1.5 miles,270 feet,Latitude: 48.3849,Longitude: -124.7157,6 hours
Cape Kiwanda Hike,Easy,2.2 miles,230 feet,Latitude: 45.20239,Longitude: -123.96697,120 minutes
Cape Lookout South Hike,Easy,3.6 miles,840 feet,Latitude: 45.34132,Longitude: -123.97445,105 minutes
Cape Meares Lighthouse Hike,Easy,1.7 miles,305 feet,Latitude: 45.48588,Longitude: -123.97459,100 minutes
Cape Mountain Loop Hike,Easy,3.5 miles,,Latitude: 44.09659,Longitude: -124.07092,
Cape falcon hike,Easy,4.8 miles,160 feet,Latitude: 45.76312,Longitude: -123.95607,105 minutes
Capitol Lake Loop Hike,Easy,2.5 miles,100 feet,Latitude: 47.04346,Longitude: -122.90623,2 hours
Carty Lake Hike,Easy,2.8 miles,60 feet,Latitude: 45.83128,Longitude: -122.74806,45 minutes
Cascade Locks West Loop Hike,Easy,3 miles,100 feet,Latitude: 45.66177,Longitude: -121.89848,45 minutes
Cascade Streamwatch Loop Hike,Easy,4.4 miles,40 feet,Latitude: 45.3501,Longitude: -121.9924,60 minutes
Castle Rock Riverfront Hike,Easy,3.5 miles,150 feet,Latitude: 46.2649,Longitude: -122.9009,1 hour
Catalpa Lake Hike,Easy,1.4 miles,150 feet,Latitude: 45.21839,Longitude: -121.63230,110 minutes
Cathedral Hills Loop Hike,Easy,3.8 miles,425 feet,Latitude: 42.39397,Longitude: -123.33391,
Cathedral Tree-Coxcomb Hill Hike,Easy,3 miles,565 feet,Latitude: 46.18689,Longitude: -123.81071,2 hours
Cathedral Trees Loop Hike,Easy,3.3 miles,205 feet,Latitude: 41.3730,Longitude: -124.0140,
Catherine Creek Arch Loop Hike,Easy,3.4 miles,500 feet,Latitude: 45.71047,Longitude: -121.36214,80 minutes
Catherine Creek State Park Loop Hike,Easy,2.7 miles,445 feet,Latitude: 45.1513,Longitude: -117.7357,
Catherine Creek Universal Access Hike,Easy,1.2 miles,90 feet,Latitude: 45.71047,Longitude: -121.36214,80 minutes
Catherine Creek West Loop Hike,Easy,3.4 miles,"1,040 feet",Latitude: 45.71047,Longitude: -121.36214,80 minutes
Cazadero Trail Hike,Easy,6.1 miles,220 feet,Latitude: 45.4291,Longitude: -122.3755,50 minutes
Cedar Butte Hike,Easy,1.6 miles,780 feet,Latitude: 45.5828,Longitude: -123.6460,80 minutes
Cedar Mill-North Johnson Creek Loop Hike,Easy,5.1 miles,350 feet,Latitude: 45.52631,Longitude: -122.80084,20 minutes
Cedar Wetlands Hike,Easy,0.4 miles,10 feet,Latitude: 45.60109,Longitude: -123.93747,100 minutes
Cedar butte Hike,Easy,1.6 miles,780 feet,Latitude: 45.5828,Longitude: -123.6460,80 minutes
Champoeg Loop Hike,Easy,3.4 miles,120 feet,Latitude: 45.24890,Longitude: -122.89250,45 minutes
Champoeg to Butteville Hike,Easy,5.8 miles,300 feet,Latitude: 45.24890,Longitude: -122.89250,45 minutes
Chehalem Glenn Loop Hike,Easy,4.1 miles,320 feet,Latitude: 45.2996,Longitude: -122.9398,35 minutes
Chehalis River Discovery Loop Hike,Easy,4 miles,10 feet,Latitude: 46.7578,Longitude: -123.0183,100 minutes
Chenamus Lake Hike,Easy,4.1 miles,485 feet,Latitude: 46.04876,Longitude: -121.80935,95 minutes
Chenoweth Tableland Loop Hike,Easy,3.5 miles,620 feet,Latitude: 45.62715,Longitude: -121.22913,90 minutes
Chetco Point Hike,Easy,1.1 miles,,Latitude: 42.0474,Longitude: -124.2875,
Chetco Redwoods Loop Hike,Easy,2.6 miles,520 feet,Latitude: 42.1126,Longitude: -124.1873,
Circle Creek Loop Hike,Easy,3.2 miles,25 feet,Latitude: 45.9545,Longitude: -123.9317,80 minutes
Clackamette Loop Hike,Easy,4.3 miles,90 feet,Latitude: 45.3717,Longitude: -122.6026,25 minutes
Clarno Palisades Hike,Easy,1.2 miles,465 feet,Latitude: 44.91149,Longitude: -120.41555,
Clatsop Loop Hike,Easy,3 miles,785 feet,Latitude: 45.9310,Longitude: -123.9783,90 minutes
Clatsop Spit Loop Hike,Easy,4.6 miles,10 feet,Latitude: 46.226373,Longitude: -123.99053,2 hours
Coastal Forest Loop Hike,Easy,1.5 miles,130 feet,Latitude: 46.28433,Longitude: -124.05436,135 minutes
Coffenbury Lake Loop Hike,Easy,2.4 miles,35 feet,Latitude: 46.17853,Longitude: -123.96584,120 minutes
Coffin Butte Hike,Easy,1.7 miles,445 feet,Latitude: 44.7050,Longitude: -123.2222,90 minutes
Collier State Park Loop Hike,Easy,4.1 miles,115 feet,Latitude: 42.6424,Longitude: -121.8814,
Columbia Children's Arboretum Loop Hike,Easy,1 miles,5 feet,Latitude: 45.5961,Longitude: -122.6618,10 minutes
Columbia River Dike Hike,Easy,6.4 miles,30 feet,Latitude: 45.57617,Longitude: -122.35556,25 minutes
Columbia Springs Hike,Easy,3.1 miles,165 feet,Latitude: 45.59969,Longitude: -122.54708,20 minutes
Columbian White-tailed Deer Refuge Loop Hike,Easy,6.1 miles,10 feet,Latitude: 46.23240,Longitude: -123.39961,95 minutes
Commonwealth Lake Loop Hike,Easy,1.7 miles,75 feet,Latitude: 45.513411,Longitude: -122.805997,20 minutes
Constitution Grove Loop Hike,Easy,0.4 miles,50 feet,Latitude: 43.8815,Longitude: -122.1190,
Cook and Durham City Parks Hike,Easy,5.7 miles,180 feet,Latitude: 45.39715,Longitude: -122.77316,15 minutes
Cooper Mountain Loop Hike,Easy,3.1 miles,300 feet,Latitude: 45.452650,Longitude: -122.870767,25 minutes
Cooper Ridge-South Beach Loop Hike,Easy,3.3 miles,70 feet,Latitude: 44.60116,Longitude: -124.06495,140 minutes
Corvallis Riverfront Hike,Easy,2.2 miles,20 feet,Latitude: 44.5681,Longitude: -123.2565,
Cougar Trails Loop Hike,Easy,2.6 miles,230 feet,Latitude: 45.7318,Longitude: -122.6321,25 minutes
Cougar Valley Hike,Easy,4.6 miles,855 feet,Latitude: 45.71335,Longitude: -123.76176,110 minutes
Council Crest Hike,Easy,3.3 miles,820 feet,Latitude: 45.50287,Longitude: -122.69169,10 minutes
Cox Creek to Talking Waters Hike,Easy,2.8 miles,50 feet,Latitude: 44.6415,Longitude: -123.0671,60 minutes
Crescent Beach Hike,Easy,3.6 miles,310 feet,Latitude: 45.9195,Longitude: -123.9735,95 minutes
Croisan Creek Hike,Easy,4.5 miles,650 feet,Latitude: 44.8845,Longitude: -123.0801,55 minutes
Crystal Springs-Reed Canyon Hike,Easy,2.4 miles,145 feet,Latitude: 45.48013,Longitude: -122.63543,10 minutes
Cullaby Lake Loop Hike,Easy,1.5 miles,30 feet,Latitude: 46.0856,Longitude: -123.9084,105 minutes
Curly Creek Falls Hike,Easy,0.4 miles,10 feet,Latitude: 46.0607,Longitude: -121.9728,105 minutes
Cutler City Wetlands Loop Hike,Easy,0.8 miles,5 feet,Latitude: 44.9184,Longitude: -124.0131,110 minutes
Dabney Loop Hike,Easy,2.3 miles,90 feet,Latitude: 45.5168,Longitude: -122.3556,30 minutes
Dry Canyon Loop Hike,Easy,4.8 miles,80 feet,Latitude: 44.3022,Longitude: -121.1902,
Dry Creek Falls Hike,Easy,4.4 miles,725 feet,Latitude: 45.66254,Longitude: -121.89637,45 minutes
Duncan Creek Hike,Moderate,4.3 miles,"1,100 feet",Latitude: 45.63603,Longitude: -122.08526,55 minutes
E.E. Wilson Loop Hike,Easy,1.2 miles,20 feet,Latitude: 44.6995,Longitude: -123.2086,90 minutes
Eagle Creek Overlook Hike,Easy,0.6 miles,175 feet,Latitude: 45.6411,Longitude: -121.9317,50 minutes
Eagle Creek to High Bridge Hike,Easy,6.4 miles,840 feet,Latitude: 45.63653,Longitude: -121.91947,45 minutes
Eagle Creek to Punch Bowl Falls Hike,Easy,3.8 miles,500 feet,Latitude: 45.63653,Longitude: -121.91947,45 minutes
Eagle Creek to Punchbowl Falls Hike,,,,Latitude: 45.63653,Longitude: -121.91947,45 minutes
Eagles Rest Hike,Easy,4.6 miles,"1,400 feet",Latitude: 43.8399,Longitude: -122.7122,2.3 hours
EasyCLIMB Loop Hike,Easy,2.8 miles,170 feet,Latitude: 45.6866,Longitude: -121.8546,55 minutes
Echo Basin Hike,Easy,2 miles,400 feet,Latitude: 44.4129,Longitude: -122.0854,2.5 hours
Echo Meadows Hike,Easy,1.4 miles,70 feet,Latitude: 45.72004,Longitude: -119.30938,3 hours
Ecola Creek Forest Loop Hike,Easy,3.1 miles,445 feet,Latitude: 45.8874,Longitude: -123.9499,90 minutes
Elijah Bristow Loop Hike,Easy,5.1 miles,20 feet,Latitude: 43.9398,Longitude: -122.8432,
Elk Lake Creek Hike,Easy,4.4 miles,400 feet,Latitude: 44.89300,Longitude: -122.00741,105 minutes
Elk Rock Island Hike,Easy,1.3 miles,130 feet,Latitude: 45.4345,Longitude: -122.6440,15 minutes
Ellen Davis Trail Hike,Easy,5.2 miles,420 feet,Latitude: 45.65069,Longitude: -122.65771,20 minutes
Elowah Falls Hike,Easy,1.4 miles,280 feet,Latitude: 45.6124,Longitude: -122.00428,45 minutes
"Enchanted Valley, Oregon Hike",Easy,4 miles,80 feet,Latitude: 44.0603,Longitude: -124.0530,3.25 hours
Erratic Rock Hike,Easy,0.5 miles,110 feet,Latitude: 45.1376,Longitude: -123.2908,60 minutes
Ewing Young Loop Hike,Easy,1.4 miles,110 feet,Latitude: 45.2905,Longitude: -122.9765,40 minutes
Fall Creek Falls Hike,Easy,2.2 miles,380 feet,Latitude: 43.3134,Longitude: -122.8356,4 hours
Fanno Creek Beaverton Hike,Easy,8.5 miles,125 feet,Latitude: 45.467380,Longitude: -122.751878,20 minutes
Fanno Creek Tigard Hike,Easy,8 miles,40 feet,Latitude: 45.43355,Longitude: -122.78277,20 minutes
Fern Canyon Loop Hike,Easy,1.2 miles,130 feet,Latitude: 41.4006,Longitude: -124.0658,
Fernhill Wetlands Loop Hike,Easy,2.3 miles,40 feet,Latitude: 45.5095,Longitude: -123.0904,45 minutes
Fields Bridge Hike,Easy,1.5 miles,195 feet,Latitude: 45.34655,Longitude: -122.67174,20 minutes
Firelane 7-Springville Road Loop Hike,Easy,4.9 miles,"1,120 feet",Latitude: 45.57450,Longitude: -122.78920,15 minutes
Fish Hatchery Park Loop Hike,Easy,1.5 miles,140 feet,Latitude: 42.3553,Longitude: -123.4086,
Fivemile Point Hike,Easy,4.4 miles,,Latitude: 43.2361,Longitude: -124.3904,
Fort Cascades Loop Hike,Easy,1.3 miles,15 feet,Latitude: 45.6444,Longitude: -121.9581,50 minutes
Fort Columbia Loop Hike,Easy,4.3 miles,940 feet,Latitude: 46.2522,Longitude: -123.9190,2 hours
Fort Hoskins Loop Hike,Easy,1.8 miles,430 feet,Latitude: 44.67593,Longitude: -123.46330,100 minutes
Fort Rains Hike,Easy,1.8 miles,80 feet,Latitude: 45.66100,Longitude: -121.90642,1 hour
Fort Rock Loop Hike,Easy,2.3 miles,260 feet,Latitude: 43.3729,Longitude: -121.0662,
Fort Stevens Military Loop Hike,Easy,2.6 miles,20 feet,Latitude: 46.20619,Longitude: -123.96542,110 minutes
Fort Yamhill Loop Hike,Easy,0.5 miles,100 feet,Latitude: 45.0696,Longitude: -123.5695,75 minutes
Four County Point Hike,Easy,2.1 miles,75 feet,Latitude: 45.7805,Longitude: -123.3517,50 minutes
Frances Shrader Old Growth Hike,Easy,1 miles,100 feet,Latitude: 42.4907,Longitude: -124.2846,
Friends of the Wildwoods Hike,Easy,1 miles,45 feet,Latitude: 44.98366,Longitude: -123.99754,100 minutes
Gearhart Ridge Path Loop Hike,Easy,3 miles,30 feet,Latitude: 46.02424,Longitude: -123.91972,100 minutes
Gee Creek Ridge Loop Hike,Easy,1.8 miles,185 feet,Latitude: 45.8159,Longitude: -122.7266,40 minutes
George Himes-Willamette Park Loop Hike,Easy,3.6 miles,490 feet,Latitude: 45.4772,Longitude: -122.6836,10 minutes
George Rogers Park Hike,Easy,3.4 miles,150 feet,Latitude: 45.4106,Longitude: -122.6608,15 minutes
Gillette Lake Hike,Easy,5.6 miles,650 feet,Latitude: 45.65032,Longitude: -121.93389,55 minutes
Goat Marsh Lake Hike,Easy,1.5 miles,80 feet,Latitude: 46.15443,Longitude: -122.26939,95 minutes
Golden and Silver Falls Hike,Easy,3.1 miles,515 feet,Latitude: 43.4820,Longitude: -123.9333,
Graham Oaks Loop Hike,Easy,3.1 miles,60 feet,Latitude: 45.2973,Longitude: -122.7987,25 minutes
Grassy Knob Hike,Easy,0.8 miles,290 feet,Latitude: 42.7524,Longitude: -124.3789,
Green Springs Mountain Loop Hike,Easy,2.9 miles,340 feet,Latitude: 42.1400,Longitude: -122.4973,
Gresham-Fairview Trail Hike,Easy,6.7 miles,130 feet,Latitude: 45.53335,Longitude: -122.45668,20 minutes
Guler Ice Cave Hike,Easy,2.2 miles,80 feet,Latitude: 45.9633,Longitude: -121.6208,110 minutes
Hamilton Creek Loop Hike,Easy,2.3 miles,20 feet,Latitude: 45.6385,Longitude: -121.9742,1 hour
Happy Valley Park Loop Hike,Easy,3 miles,290 feet,Latitude: 45.4536,Longitude: -122.5206,35 minutes
Hard Stone Trail Hike,Easy,5.2 miles,110 feet,Latitude: 45.4770,Longitude: -120.4721,
Harris Beach Loop Hike,Easy,2.8 miles,,Latitude: 42.0684,Longitude: -124.3148,
Harvey Creek Loop Hike,Easy,1.6 miles,345 feet,Latitude: 45.28774,Longitude: -123.02494,45 minutes
Hat Rock Loop Hike,Easy,2.8 miles,235 feet,Latitude: 45.9151,Longitude: -119.1705,3 hours
Hawk Mountain Lookout Hike,Easy,4 miles,600 feet,Latitude: 44.84069,Longitude: -121.94742,2 hours
Hayden Bay Loop Hike,Easy,2.5 miles,10 feet,Latitude: 45.6117,Longitude: -122.6762,10 minutes
Headwaters Loop Hike,Easy,5.4 miles,330 feet,Latitude: 45.10174,Longitude: -121.74673,100 minutes
Heart Lake Hike,Easy,2 miles,150 feet,Latitude: 46.15688,Longitude: -121.41226,140 minutes
Heart lake Hike,Easy,2 miles,150 feet,Latitude: 46.15688,Longitude: -121.41226,140 minutes
Hebo Lake Loop Hike,Easy,0.4 miles,10 feet,Latitude: 45.23003,Longitude: -123.79559,115 minutes
Heceta Head Hike,Easy,1.5 miles,165 feet,Latitude: 44.1349,Longitude: -124.1228,175 minutes
Hendricks Park Loop Hike,Easy,2.3 miles,240 feet,Latitude: 44.0378,Longitude: -123.0567,
Henline Falls Hike,Easy,1.8 miles,200 feet,Latitude: 44.84641,Longitude: -122.32454,105 minutes
Heritage Landing Hike,Easy,3.8 miles,55 feet,Latitude: 45.6297,Longitude: -120.9118,100 minutes
Herman Creek Pinnacles Hike,Easy,4.6 miles,"1,305 feet",Latitude: 45.68280,Longitude: -121.84249,1 hour
Hess Creek Canyon Loop Hike,Easy,1.5 miles,85 feet,Latitude: 45.30577,Longitude: -122.96406,35 minutes
Hidden Beach-Yurok Loop Hike,Easy,2.1 miles,180 feet,Latitude: 41.59421,Longitude: -124.09925,
High Rock Hike,Easy,1.1 miles,325 feet,Latitude: 45.1613,Longitude: -121.8941,2 hours
Hilgard Junction Hike,Easy,1.6 miles,15 feet,Latitude: 45.3416,Longitude: -118.2369,
Hillockburn Trail Hike,Easy,2.9 miles,900 feet,Latitude: 45.1778,Longitude: -122.2486,65 minutes
Historic Astoria Loop Hike,Easy,2.3 miles,240 feet,Latitude: 46.1878,Longitude: -123.8348,2 hours
Hobart Bluff Hike,Easy,2.4 miles,360 feet,Latitude: 42.08555,Longitude: -122.48209,
Hoffer Lakes Hike,Easy,2.5 miles,340 feet,Latitude: 44.9616,Longitude: -118.2309,5 hours
Hoh Rain Forest Loop Hike,Easy,2.2 miles,190 feet,Latitude: 47.8602,Longitude: -123.9345,5 hours
Holman Lane Loop Hike,Easy,2.3 miles,730 feet,Latitude: 45.5335,Longitude: -122.7331,15 minutes
Honeyman State Park Loop Hike,Easy,6.6 miles,,Latitude: 43.9292,Longitude: -124.1128,
Hood River Pipeline Hike,Easy,3.3 miles,110 feet,Latitude: 45.7039,Longitude: -121.5058,70 minutes
Hopkins Forest Loop Hike,Easy,3.3 miles,715 feet,Latitude: 45.2496,Longitude: -122.5227,35 minutes
Horse Rock Ridge Hike,Easy,3.2 miles,660 feet,Latitude: 44.29292,Longitude: -122.86835,2 hours
Horsetail Falls Loop Hike,Easy,2.6 miles,610 feet,Latitude: 45.59044,Longitude: -122.06857,45 minutes
Horsethief Butte Hike,Easy,1.7 miles,250 feet,Latitude: 45.65075,Longitude: -121.09856,90 minutes
Howard Creek Loop Hike,Easy,3.1 miles,280 feet,Latitude: 44.8642,Longitude: -122.6425,90 minutes
Hoyt Arboretum Loop Hike,Easy,4.7 miles,425 feet,Latitude: 45.51275,Longitude: -122.71661,10 minutes
Hug Point Hike,Easy,0.5 miles,20 feet,Latitude: 45.82866,Longitude: -123.96084,100 minutes
Hug Point to Arch Cape Hike,Easy,4.5 miles,40 feet,Latitude: 45.82866,Longitude: -123.96084,100 minutes
Hummocks Loop Hike,Easy,2.7 miles,100 feet,Latitude: 46.2867,Longitude: -122.2717,110 minutes
Hurricane Hill Hike,Easy,3 miles,"1,100 feet",Latitude: 47.97627,Longitude: -123.51739,5 hours
Indian Creek Hike,Easy,3.2 miles,250 feet,Latitude: 45.70533,Longitude: -121.50802,70 minutes
Indian Racetrack Hike,Easy,4.6 miles,760 feet,Latitude: 45.96601,Longitude: -121.84495,85 minutes
Ives Island Add-on Hike,Easy,3.3 miles,30 feet,Latitude: 45.6276,Longitude: -121.9785,50 minutes
Ives island Add-on Hike,Easy,3.3 miles,30 feet,Latitude: 45.6276,Longitude: -121.9785,50 minutes
Iwetemlaykin Hike,Easy,2.3 miles,145 feet,Latitude: 45.3429,Longitude: -117.2239,
Jackson Bottom Loop Hike,Easy,4.7 miles,35 feet,Latitude: 45.50060,Longitude: -122.99063,30 minutes
Jackson-Frazier Wetland Loop Hike,Easy,0.8 miles,0 feet,Latitude: 44.6041,Longitude: -123.2399,95 minutes
Jasper Point Hike,Easy,4 miles,315 feet,Latitude: 44.1277,Longitude: -120.7229,
Jean Lake Hike,Easy,0.8 miles,240 feet,Latitude: 45.30644,Longitude: -121.57237,125 minutes
Jenkins Estate Loop Hike,Easy,1.7 miles,350 feet,Latitude: 45.4624,Longitude: -122.8920,25 minutes
Jenne Butte Hike,Easy,3.3 miles,690 feet,Latitude: 45.48853,Longitude: -122.47011,30 minutes
Joe Dancer Loop Hike,Easy,2.2 miles,45 feet,Latitude: 45.2079,Longitude: -123.1815,1 hour
John Dellenback Dunes Loop Hike,Easy,4 miles,,Latitude: 43.58392,Longitude: -124.18533,
Johnson Creek Hike,Easy,4.1 miles,140 feet,Latitude: 45.46144,Longitude: -122.64204,15 minutes
Jordan Woods Hike,Easy,1.7 miles,180 feet,Latitude: 45.52843,Longitude: -122.78933,20 minutes
Joyce Lake Loop Hike,Easy,0.6 miles,60 feet,Latitude: 44.9468,Longitude: -122.2498,115 minutes
Junction Lake Hike,Easy,5 miles,725 feet,Latitude: 45.98032,Longitude: -121.75946,110 minutes
June Lake Hike,Easy,2.8 miles,440 feet,Latitude: 46.13691,Longitude: -122.15192,1 hour and 45 minutes
Keizer Rapids Loop Hike,Easy,2.4 miles,55 feet,Latitude: 44.9971,Longitude: -123.0622,55 minutes
Kelley Point Loop Hike,Easy,1.7 miles,45 feet,Latitude: 45.64358,Longitude: -122.76527,15 minutes
Kelly Creek Loop Hike,Easy,1.2 miles,130 feet,Latitude: 45.48752,Longitude: -122.38252,35 minutes
Kentucky Falls Hike,Easy,4 miles,650 feet,Latitude: 43.9282,Longitude: -123.7937,3.5 hours
Kilchis Point Loop Hike,Easy,2.2 miles,20 feet,Latitude: 45.51263,Longitude: -123.88161,90 minutes
Killin Wetlands Loop Hike,Easy,0.7 miles,60 feet,Latitude: 45.6161,Longitude: -123.1527,30 minutes
Kiwa Trail Loop Hike,Easy,1.2 miles,0 feet,Latitude: 45.79912,Longitude: -122.75613,45 minutes
Klickitat Canyon Hike,Easy,6.8 miles,100 feet,Latitude: 45.83468,Longitude: -121.08058,100 minutes
Klickitat Trail: Klickitat Mineral Springs Hike,Easy,5.2 miles,50 feet,Latitude: 45.82330,Longitude: -121.09857,100 minutes
La Center Loop Hike,Easy,4.2 miles,310 feet,Latitude: 45.8621,Longitude: -122.6718,30 minutes
Labyrinth Hike,Easy,3.6 miles,915 feet,Latitude: 45.70519,Longitude: -121.38324,80 minutes
Lacamas Heritage Trail Hike,Easy,7 miles,30 feet,Latitude: 45.60490,Longitude: -122.41157,35 minutes
Lake Marie Loop Hike,Easy,1.7 miles,,Latitude: 43.66093,Longitude: -124.19789,
Lake Sacajawea Loop Hike,Easy,3.6 miles,35 feet,Latitude: 46.12755,Longitude: -122.94369,45 minutes
Langfield Falls Hike,Easy,0.5 miles,80 feet,Latitude: 46.0990,Longitude: -121.7201,115 minutes
Latourell Falls Loop Hike,Easy,2.4 miles,625 feet,Latitude: 45.53880,Longitude: -122.21757,40 minutes
Laurel Hill Chute Loop Hike,Easy,0.6 miles,230 feet,Latitude: 45.31121,Longitude: -121.80145,70 minutes
Lava Canyon Loop Hike,Moderate,1.1 miles,500 feet,Latitude: 46.16569,Longitude: -122.08804,1.75 hours
Lava Cast Forest Loop Hike,Easy,1 miles,60 feet,Latitude: 43.81735,Longitude: -121.28862,
Leadbetter Point Loop Hike,Moderate,7.7 miles,130 feet,Latitude: 46.58862,Longitude: -124.03013,165 minutes
Lemolo Falls via North Umpqua Trail Hike,Easy,3.5 miles,450 feet,Latitude: 43.3292,Longitude: -122.2028,
Lewis and Clark Park Hike,Easy,3 miles,100 feet,Latitude: 45.54151,Longitude: -122.37992,25 minutes
Lewis and Clark State Park Loop Hike,Easy,4.8 miles,340 feet,Latitude: 46.5224,Longitude: -122.8134,85 minutes
Lewisburg Saddle Old Growth Hike,Easy,2 miles,240 feet,Latitude: 44.63676,Longitude: -123.29578,105 minutes
Lewisville Park Loop Hike,Easy,2.8 miles,140 feet,Latitude: 45.8126,Longitude: -122.5469,35 minutes
Liahona Loop Hike,Easy,3.6 miles,730 feet,Latitude: 45.92732,Longitude: -123.04884,85 minutes
Link River Hike,Easy,3.4 miles,85 feet,Latitude: 42.2192,Longitude: -121.7919,
Linton Lake Hike,Easy,3 miles,250 feet,Latitude: 44.17663,Longitude: -121.91400,2.75 hours
Lithia Park Loop Hike,Easy,3.1 miles,345 feet,Latitude: 42.19717,Longitude: -122.71498,
Little Beacon Rock Loop Hike,Easy,1.6 miles,375 feet,Latitude: 45.63279,Longitude: -122.01973,1 hour
Little Cowhorn Mountain Hike,Moderate,2 miles,500 feet,Latitude: 44.03735,Longitude: -122.51310,3 hours
Little Crater Lake Hike,Easy,1.4 miles,10 feet,Latitude: 45.1478,Longitude: -121.7478,95 minutes
Little Zigzag Falls Hike,Easy,0.8 miles,180 feet,Latitude: 45.31400,Longitude: -121.79596,65 minutes
Lost Creek Loop Hike,Easy,0.6 miles,10 feet,Latitude: 45.3813,Longitude: -121.8367,80 minutes
Lost Lake Loop Hike,Easy,3.2 miles,60 feet,Latitude: 45.49585,Longitude: -121.82248,2 hours
Lost Lake Old Growth Loop Hike,Easy,2.2 miles,120 feet,Latitude: 45.49585,Longitude: -121.82248,2 hours
Lowami Hart Woods Loop Hike,Easy,1.1 miles,140 feet,Latitude: 45.4658,Longitude: -122.8307,20 minutes
Lower Beaver Creek Canyon Hike,Easy,4.8 miles,325 feet,Latitude: 45.5375,Longitude: -122.3785,25 minutes
Lower Berley Lake Hike,Easy,7.6 miles,763 feet,Latitude: 44.42568,Longitude: -121.84988,2.5 hours
Lower Marble Creek Falls Hike,Easy,1.2 miles,70 feet,Latitude: 45.9568,Longitude: -122.5616,45 minutes
Lower berley lake,Easy,7.6 miles,763 feet,Latitude: 44.42568,Longitude: -121.84988,2.5 hours
Luckiamute Landing Hike,Easy,4 miles,50 feet,Latitude: 44.73205,Longitude: -123.15249,85 minutes
Luckiamute Wetland Hike,Easy,1.1 miles,45 feet,Latitude: 44.71572,Longitude: -123.16297,80 minutes
Luscher Farm-Cooks Butte Loop Hike,Easy,5.7 miles,385 feet,Latitude: 45.39622,Longitude: -122.68729,20 minutes
Magness Tree Farm Loop Hike,Easy,4.5 miles,775 feet,Latitude: 45.2950,Longitude: -122.8526,35 minutes
Maple Ridge Loop Hike,Easy,2.6 miles,370 feet,Latitude: 44.87752,Longitude: -122.65513,80 minutes
Maricara Loop Hike,Easy,0.6 miles,110 feet,Latitude: 45.44911,Longitude: -122.70762,10 minutes
Marshall Park Hike,Easy,3.1 miles,585 feet,Latitude: 45.45526,Longitude: -122.69285,15 minutes
Martin Luther King Park Loop Hike,Easy,2.2 miles,230 feet,Latitude: 44.5906,Longitude: -123.3080,90 minutes
Mary S. Young State Park Loop Hike,Easy,3.7 miles,300 feet,Latitude: 45.38053,Longitude: -122.62804,20 minutes
Marys Peak Meadow Edge Hike,Easy,1.8 miles,450 feet,Latitude: 44.50912,Longitude: -123.55991,2 hours
Marys Peak Summit Hike,Easy,1.5 miles,400 feet,Latitude: 44.51055,Longitude: -123.55068,2 hours
McDowell Creek Falls Loop Hike,Easy,1.8 miles,230 feet,Latitude: 44.4643,Longitude: -122.6827,105 minutes
McLoughlin Promenade Hike,Easy,2.3 miles,275 feet,Latitude: 45.35709,Longitude: -122.60811,25 minutes
McVay Beach Hike,Easy,3.1 miles,,Latitude: 42.0199,Longitude: -124.2359,
Memorial Park to Boones Ferry Landing Hike,Easy,4.1 miles,180 feet,Latitude: 45.3010,Longitude: -122.7594,30 minutes
Merrill Lake Loop Hike,Easy,0.9 miles,145 feet,Latitude: 46.0938,Longitude: -122.3194,75 minutes
Middle Lewis River Falls Loop Hike,Easy,1.1 miles,190 feet,Latitude: 46.16622,Longitude: -121.86705,2.25 hours
Mike Miller Park Loop Hike,Easy,1.2 miles,115 feet,Latitude: 44.60180,Longitude: -124.05204,140 minutes
Mill Creek Greenway Hike,Easy,3.4 miles,45 feet,Latitude: 45.1316,Longitude: -122.8557,40 minutes
Mill Hill Loop Hike,Easy,2.8 miles,110 feet,Latitude: 44.41007,Longitude: -123.33502,115 minutes
Millersylvania Loop Hike,Easy,3.9 miles,180 feet,Latitude: 46.9097,Longitude: -122.9069,95 minutes
Milwaukie Old Town Loop Hike,Easy,2.7 miles,70 feet,Latitude: 45.4424,Longitude: -122.6428,15 minutes
Mima Mounds Loop Hike,Easy,3.2 miles,30 feet,Latitude: 46.9054,Longitude: -123.0475,105 minutes
Minto-Brown Island Loop Hike,Easy,9.3 miles,45 feet,Latitude: 44.92167,Longitude: -123.05875,55 minutes
Minto-Brown Island loop Hike,Easy,9.3 miles,45 feet,Latitude: 44.92167,Longitude: -123.05875,55 minutes
Mirror Lake Hike,Easy,4.4 miles,640 feet,Latitude: 45.30277,Longitude: -121.77728,75 minutes
Molalla River State Park Hike,Easy,2.5 miles,95 feet,Latitude: 45.2954,Longitude: -122.7017,
Moon Falls Hike,Easy,1.1 miles,250 feet,Latitude: 43.734546,Longitude: -122.620661,3.2 hours
Morgan Lake Loop Hike,Easy,2.5 miles,40 feet,Latitude: 44.98335,Longitude: -123.26408,60 minutes
Mosier Plateau Hike,Easy,3.5 miles,760 feet,Latitude: 45.6841,Longitude: -121.3972,1 hour
Mosier plateau hike,Easy,3.5 miles,760 feet,Latitude: 45.6841,Longitude: -121.3972,1 hour
Moulton Falls Hike,Easy,5.9 miles,260 feet,Latitude: 45.8376,Longitude: -122.4344,50 minutes
Mount Baldy Loop Hike,Easy,3.5 miles,510 feet,Latitude: 43.9867,Longitude: -123.0647,
Mount Defiance from Wahtum Lake Road Hike,Easy,3.2 miles,"1,145 feet",Latitude: 45.63621,Longitude: -121.74248,100 minutes
Mount June and Sawtooth Rock Hike,Easy,5 miles,"1,500 feet",Latitude: 43.7918,Longitude: -122.7314,3 hours
Mount Lowe Hike,Easy,3 miles,665 feet,Latitude: 44.97247,Longitude: -121.97665,2 hours
Mount Pisgah Arboretum Loop Hike,Easy,1.9 miles,350 feet,Latitude: 44.0077,Longitude: -122.9815,
Mount Scott Creek Hike,Easy,2.3 miles,160 feet,Latitude: 45.43539,Longitude: -122.54309,25 minutes
Mount Scott Loop Hike,Easy,3.1 miles,530 feet,Latitude: 45.44737,Longitude: -122.53789,30 minutes
Mount Sylvania Loop Hike,Easy,4.6 miles,775 feet,Latitude: 45.4364,Longitude: -122.7198,15 minutes
Mount Tabor Hike,Easy,2 miles,350 feet,Latitude: 45.50894,Longitude: -122.59748,15 minutes
Mount Talbert Perimeter Loop Hike,Moderate,2.3 miles,595 feet,Latitude: 45.43151,Longitude: -122.54440,25 minutes
Mount Talbert Summit Loop Hike,Easy,3.1 miles,685 feet,Latitude: 45.42044,Longitude: -122.55272,25 minutes
Mount Williams Loop Hike,Easy,3.3 miles,390 feet,Latitude: 45.46617,Longitude: -122.84159,25 minutes
Munson Creek Falls Hike,Easy,0.6 miles,95 feet,Latitude: 45.36564,Longitude: -123.77353,95 minutes
Murtha Ranch Loop Hike,Easy,1.9 miles,100 feet,Latitude: 45.4807,Longitude: -120.4640,
Nasty Rock Hike,Easy,2.7 miles,580 feet,Latitude: 44.9050,Longitude: -122.2539,2 hours
Natural Arch Hike,Easy,1 miles,460 feet,Latitude: 44.76794,Longitude: -122.27606,100 minutes
Natural Bridges Hike,Easy,1.8 miles,80 feet,Latitude: 45.9611,Longitude: -121.6576,
Neahkahnie Mountain from South Hike,Easy,3 miles,840 feet,Latitude: 45.74081,Longitude: -123.93458,110 minutes
Nehalem Falls Loop Hike,Easy,0.9 miles,70 feet,Latitude: 45.72649,Longitude: -123.77129,110 minutes
Nehalem Spit Loop Hike,Easy,5.2 miles,25 feet,Latitude: 45.68876,Longitude: -123.93690,110 minutes
Nellie Corser Loop Hike,Easy,0.8 miles,275 feet,Latitude: 45.6378,Longitude: -122.0826,55 minutes
Nelscott Beach Hike,Moderate,7.8 miles,30 feet,Latitude: 44.9673,Longitude: -124.0175,105 minutes
Nestucca Bay Refuge Hike,Easy,3.8 miles,380 feet,Latitude: 45.16652,Longitude: -123.95305,125 minutes
Netul River Hike,Easy,2.4 miles,45 feet,Latitude: 46.13402,Longitude: -123.88054,2 hours
New River Loop Hike,Easy,2.7 miles,,Latitude: 42.99606,Longitude: -124.45002,
Newport Bayfront Hike,Easy,2.6 miles,140 feet,Latitude: 44.6319,Longitude: -124.0490,155 minutes
Niagara Falls Hike,Easy,2 miles,455 feet,Latitude: 45.2142,Longitude: -123.6277,2 hours
Niagara Park Loop Hike,Easy,1 miles,105 feet,Latitude: 44.7568,Longitude: -122.3337,85 minutes
Nick Eaton Falls Hike,Easy,4.2 miles,970 feet,Latitude: 45.68280,Longitude: -121.84249,1 hour
Nisqually Wildlife Refuge Hike,Easy,4.1 miles,0 feet,Latitude: 47.0727,Longitude: -122.7137,2 hours
Noble Woods Loop Hike,Easy,1.2 miles,65 feet,Latitude: 45.51967,Longitude: -122.91855,30 minutes
North Santiam Loop Hike,Easy,2.4 miles,140 feet,Latitude: 44.7709,Longitude: -122.5645,70 minutes
Northrup Creek Big Tree Loop Hike,Easy,0.9 miles,35 feet,Latitude: 46.0232,Longitude: -123.4545,90 minutes
Oak Island Loop Hike,Easy,2.8 miles,10 feet,Latitude: 45.71399,Longitude: -122.82080,30 minutes
Oaks Bottom Loop Hike,Easy,3.8 miles,125 feet,Latitude: 45.46949,Longitude: -122.65931,10 minutes
Oaks bottom Loop Hike,Easy,2.3 miles,125 feet,Latitude: 45.46949,Longitude: -122.65931,10 minutes
Oaks to Wetlands Loop Hike,Easy,1.7 miles,80 feet,Latitude: 45.83128,Longitude: -122.74806,45 minutes
Oceanside to Netarts Hike,Easy,6.4 miles,20 feet,Latitude: 45.46109,Longitude: -123.97021,95 minutes
Old Salmon River Hike,Easy,5 miles,200 feet,Latitude: 45.30858,Longitude: -121.94317,1 hour
Old Skyline Trail Loop Hike,Easy,4.1 miles,270 feet,Latitude: 45.50070,Longitude: -121.81622,2 hours
Oregon Dunes Loop Hike,Easy,4.8 miles,,Latitude: 43.83326,Longitude: -124.15187,
Oregon Redwoods Loop Hike,Easy,1.9 miles,305 feet,Latitude: 42.00845,Longitude: -124.14711,
Orenco Woods-Rock Creek Hike,Easy,6.4 miles,195 feet,Latitude: 45.5281,Longitude: -122.9062,30 minutes
Our Lady of Guadalupe Loop Hike,Easy,3.6 miles,815 feet,Latitude: 45.2814,Longitude: -123.0903,1 hour
Painted Cove Loop Hike,Easy,0.2 miles,40 feet,Latitude: 44.66069,Longitude: -120.27815,4 hours
Painted Hills Overlook Hike,Easy,1 miles,140 feet,Latitude: 44.65211,Longitude: -120.28017,4 hours
Palisade Point via Fret Creek Hike,Moderate,4.8 miles,"1,325 feet",Latitude: 45.349711,Longitude: -121.472139,115 minutes
Palomino Loop Hike,Easy,1.9 miles,495 feet,Latitude: 45.37673,Longitude: -122.64419,25 minutes
Panther Creek Falls Hike,Easy,1 miles,200 feet,Latitude: 45.8674,Longitude: -121.8264,75 minutes
Paradise Point Loop Hike,Easy,1.8 miles,240 feet,Latitude: 45.87243,Longitude: -122.71004,30 minutes
Parker Falls Hike,Easy,1.8 miles,420 feet,Latitude: 43.6372,Longitude: -122.6172,3 hours
Pathfinder Genesis Loop Hike,Easy,3.5 miles,185 feet,Latitude: 45.43355,Longitude: -122.78277,20 minutes
Peavy Arboretum Loop Hike,Easy,3.2 miles,190 feet,Latitude: 44.6567,Longitude: -123.2323,85 minutes
Pepper Mountain Hike,Easy,2.6 miles,700 feet,Latitude: 45.53120,Longitude: -122.18197,40 minutes
Pier Park Loop Hike,Easy,1.9 miles,95 feet,Latitude: 45.6034,Longitude: -122.7582,20 minutes
Pinard Falls Hike,Easy,1.2 miles,230 feet,Latitude: 43.713239,Longitude: -122.619696,3.2 hours
Pinard falls hike,Easy,1.2 miles,230 feet,Latitude: 43.713239,Longitude: -122.619696,3.2 hours
Pine Creek Hike,Easy,0.8 miles,90 feet,Latitude: 46.15473,Longitude: -122.10282,100 minutes
Pioneer Woman's Grave Hike,Easy,2.2 miles,465 feet,Latitude: 45.28249,Longitude: -121.68552,80 minutes
Plaza Lake Hike,Easy,1.4 miles,560 feet,Latitude: 45.226877,Longitude: -121.997466,105 minutes
Ponytail Falls Hike,Easy,0.8 miles,320 feet,Latitude: 45.59044,Longitude: -122.06857,45 minutes
Pool of the Winds Hike,Easy,2.2 miles,700 feet,Latitude: 45.63279,Longitude: -122.01973,1 hour
Port Orford Heads Loop Hike,Easy,1.2 miles,,Latitude: 42.7393,Longitude: -124.5107,
Portland Street Art Loop Hike,Easy,3.5 miles,110 feet,Latitude: 45.5162,Longitude: -122.6658,5 minutes
Powell Butte Loop Hike,Easy,4.5 miles,530 feet,Latitude: 45.4910,Longitude: -122.4972,30 minutes
Powell Butte Summit Loop Hike,Easy,2.9 miles,220 feet,Latitude: 45.4910,Longitude: -122.4972,30 minutes
Powell Butte-Johnson Creek Loop Hike,Easy,3.6 miles,480 feet,Latitude: 45.4910,Longitude: -122.4972,30 minutes
Powell butte Loop Hike,Easy,4.5 miles,530 feet,Latitude: 45.4910,Longitude: -122.4972,30 minutes
Punchbowl Falls Park Hike,Easy,1.5 miles,190 feet,Latitude: 45.6004,Longitude: -121.6347,80 minutes
Pyramid Lake Hike,Easy,2.4 miles,340 feet,Latitude: 45.1511,Longitude: -121.9134,110 minutes
Rail Trail Loop Hike,Easy,3.9 miles,10 feet,Latitude: 44.77206,Longitude: -123.07775,65 minutes
Rainy Lake Loop Hike,Easy,3.2 miles,755 feet,Latitude: 45.62610,Longitude: -121.75882,105 minutes
Ramona falls hike,Easy,7 miles,"1,100 feet",Latitude: 45.38696,Longitude: -121.83221,
Rattlesnake Falls Hike,Easy,2.5 miles,525 feet,Latitude: 45.88617,Longitude: -121.34228,105 minutes
Ray Atkeson Loop Hike,Easy,2.6 miles,165 feet,Latitude: 44.01306,Longitude: -121.73661,
Riddle Ranch Hike,Easy,5.8 miles,385 feet,Latitude: 42.66187,Longitude: -118.75328,
Rimrock Springs Loop Hike,Easy,1.4 miles,130 feet,Latitude: 44.4962,Longitude: -121.0559,
River View Loop Hike,Easy,2 miles,430 feet,Latitude: 45.45558,Longitude: -122.67535,15 minutes
Roads End Hike,Easy,2.6 miles,15 feet,Latitude: 45.00789,Longitude: -124.00877,100 minutes
Rock Creek Wilderness Hike,Moderate,1.2 miles,100 feet,Latitude: 44.18564,Longitude: -124.11053,170 minutes
Rocky Butte Hike,Easy,3.2 miles,480 feet,Latitude: 45.55325,Longitude: -122.57468,15 minutes
Rocky Top Hike,Easy,1 miles,705 feet,Latitude: 44.78741,Longitude: -122.28282,110 minutes
Rogue River Greenway Hike,Easy,7.1 miles,25 feet,Latitude: 42.4116,Longitude: -123.1286,
Rood Bridge Loop Hike,Easy,2.6 miles,80 feet,Latitude: 45.49117,Longitude: -122.95167,30 minutes
Rooster Rock Loop Hike,Easy,2.7 miles,240 feet,Latitude: 45.54731,Longitude: -122.23410,30 minutes
Rooster Rock Wagon Road Hike,Easy,4.8 miles,910 feet,Latitude: 45.5345,Longitude: -122.2607,30 minutes
Rough and Ready Flat Hike,Easy,0.6 miles,20 feet,Latitude: 42.09529,Longitude: -123.68300,
Round Lake Hike,Easy,1.4 miles,120 feet,Latitude: 44.87628,Longitude: -121.97607,140 minutes
Round Lake Loop Hike,Easy,1.4 miles,140 feet,Latitude: 45.60363,Longitude: -122.40692,40 minutes
Rowena Plateau Hike,Easy,2.2 miles,240 feet,Latitude: 45.68279,Longitude: -121.30050,80 minutes
Salem Riverfront Hike,Easy,4.1 miles,45 feet,Latitude: 44.94034,Longitude: -123.04306,50 minutes
Salish Ponds Hike,Easy,2.8 miles,30 feet,Latitude: 45.52937,Longitude: -122.45175,20 minutes
Salmon-Morgan Creeks Loop Hike,Easy,1.5 miles,60 feet,Latitude: 45.75562,Longitude: -122.51116,
Salt Creek Falls Hike,Easy,1 miles,335 feet,Latitude: 43.61196,Longitude: -122.12781,
Salt creek Falls Hike,Easy,1 miles,335 feet,Latitude: 43.61196,Longitude: -122.12781,
Sams Walker Loop Hike,Easy,1.1 miles,15 feet,Latitude: 45.6118,Longitude: -122.0520,50 minutes
Sandy River Delta Loop Hike,Easy,4.4 miles,40 feet,Latitude: 45.5463,Longitude: -122.3740,30 minutes
Sandy River-Jim Slagle Loop Hike,Easy,2.1 miles,485 feet,Latitude: 45.4016,Longitude: -122.2697,45 minutes
Santiam Wagon Road Hike,Easy,5 miles,300 feet,Latitude: 44.4048,Longitude: -122.2783,2.5 hours
Scouters Mountain Loop Hike,Easy,1.3 miles,210 feet,Latitude: 45.4470,Longitude: -122.5081,25 minutes
Seaside Promenade Loop Hike,Easy,6.2 miles,20 feet,Latitude: 45.9941,Longitude: -123.9268,90 minutes
Seminary Hill Loop Hike,Easy,1.4 miles,360 feet,Latitude: 46.7136,Longitude: -122.9478,95 minutes
Sexton Mountain-Hyland Woods Loop Hike,Easy,3.8 miles,425 feet,Latitude: 45.46016,Longitude: -122.82746,20 minutes
Shadow Ridge-Sunrise Heights Loop Hike,Easy,3.1 miles,470 feet,Latitude: 45.4344,Longitude: -122.5103,35 minutes
She Who Watches Hike,Easy,0.6 miles,45 feet,Latitude: 45.64082,Longitude: -121.10461,85 minutes
Sheepshead Rock Hike,Easy,3.2 miles,840 feet,Latitude: 45.23159,Longitude: -122.00897,100 minutes
Shellburg Falls Hike,Easy,2.8 miles,410 feet,Latitude: 44.80552,Longitude: -122.62736,60 minutes
Shellrock and Hideaway Lakes Hike,Easy,3.8 miles,280 feet,Latitude: 45.1271,Longitude: -121.9705,105 minutes
Shepperds Dell Hike,Easy,0.2 miles,45 feet,Latitude: 45.54693,Longitude: -122.19759,35 minutes
Sherrard Point Hike,Easy,0.6 miles,170 feet,Latitude: 45.52937,Longitude: -122.08843,50 minutes
Shevlin Park Loop Hike,Easy,4.9 miles,370 feet,Latitude: 44.0819,Longitude: -121.3787,
Shore Acres Loop Hike,Easy,4.7 miles,230 feet,Latitude: 43.3312,Longitude: -124.3736,
Short Beach Hike,Easy,1.4 miles,95 feet,Latitude: 45.47282,Longitude: -123.96873,100 minutes
Shotgun Creek Loop Hike,Easy,4.6 miles,800 feet,Latitude: 44.2287,Longitude: -122.8466,2 hours
Silent Creek Hike,Easy,2 miles,85 feet,Latitude: 43.12695,Longitude: -122.16151,
Siltcoos River Hike,Easy,5.7 miles,,Latitude: 43.8776,Longitude: -124.1454,
Silver Lake-Seaquest Loop Hike,Easy,4.5 miles,530 feet,Latitude: 46.2954,Longitude: -122.8223,65 minutes
Simpson Reed Grove Loop Hike,Easy,1 miles,70 feet,Latitude: 41.81188,Longitude: -124.10849,
Sister Rocks Hike,Easy,3.9 miles,750 feet,Latitude: 45.94992,Longitude: -122.03973,100 minutes
Sisters Rocks Hike,Easy,1.6 miles,,Latitude: 42.5925,Longitude: -124.3972,
Sitka Sedge Loop Hike,Easy,3.9 miles,80 feet,Latitude: 45.2629,Longitude: -123.9545,110 minutes
Skamania Lodge Loop Hike,Easy,3.3 miles,310 feet,Latitude: 45.6864,Longitude: -121.9066,50 minutes
Skinner Butte Loop Hike,Easy,3.1 miles,270 feet,Latitude: 44.0562,Longitude: -123.0896,
Skipanon River Loop Hike,Easy,7.3 miles,20 feet,Latitude: 46.1661,Longitude: -123.9240,110 minutes
Smith Homestead Hike,Easy,0.8 miles,20 feet,Latitude: 45.5874,Longitude: -123.5521,1 hour
Smith and Bybee Lakes Hike,Easy,2.1 miles,10 feet,Latitude: 45.61665,Longitude: -122.71880,10 minutes
Snag Boat Bend Loop Hike,Easy,3.2 miles,40 feet,Latitude: 44.42605,Longitude: -123.20528,85 minutes
Soapstone Lake Loop Hike,Easy,3.2 miles,305 feet,Latitude: 45.84684,Longitude: -123.76236,75 minutes
Sophie Mozee Homestead Hike,Easy,1 miles,155 feet,Latitude: 45.6991,Longitude: -122.9093,75 minutes
South Breitenbush Gorge Hike,Easy,6.2 miles,740 feet,Latitude: 44.78196,Longitude: -121.96764,115 minutes
South Canyon Reach Loop Hike,Easy,4.3 miles,190 feet,Latitude: 44.0427,Longitude: -121.3201,
South Clatsop Slough Loop Hike,Easy,3.2 miles,270 feet,Latitude: 46.13402,Longitude: -123.88054,2 hours
South Slough Loop Hike,Easy,3.8 miles,370 feet,Latitude: 43.29591,Longitude: -124.33510,
South Waldo Shelter Hike,Easy,3.3 miles,35 feet,Latitude: 43.6917,Longitude: -122.0440,
Spearfish Lake Loop Hike,Easy,2.2 miles,45 feet,Latitude: 45.6253,Longitude: -121.1276,85 minutes
Speed Trail Hike,Moderate,2 miles,680 feet,Latitude: 46.10202,Longitude: -121.90659,105 minutes
Spencer Butte Loop Hike,Easy,1.7 miles,755 feet,Latitude: 43.9805,Longitude: -123.1019,
Spencer Creek Loop Hike,Easy,1.7 miles,30 feet,Latitude: 44.72841,Longitude: -124.05691,130 minutes
Spirit Falls Hike,Easy,0.6 miles,130 feet,Latitude: 43.7315234,Longitude: -122.6396156,3 hours
Spring Lake to Devils Lake Hike,Easy,2.4 miles,295 feet,Latitude: 44.9757,Longitude: -124.0070,105 minutes
Spring Mountain Loop Hike,Easy,3.4 miles,610 feet,Latitude: 45.43730,Longitude: -122.53306,25 minutes
Spring Valley Loop Hike,Easy,3.9 miles,135 feet,Latitude: 45.0642,Longitude: -123.0684,1 hour
Springbrook-Iron Mountain Loop Hike,Easy,3.4 miles,355 feet,Latitude: 45.42285,Longitude: -122.70483,20 minutes
Square Lake Hike,Easy,4.4 miles,200 feet,Latitude: 44.42568,Longitude: -121.84988,2.5 hours
St. Cloud Loop Hike,Easy,1 miles,25 feet,Latitude: 45.6004,Longitude: -122.1117,45 minutes
St. Johns-Willamette Cove Loop Hike,Easy,4.1 miles,240 feet,Latitude: 45.5881,Longitude: -122.7618,20 minutes
Stairstep Falls Hike,Easy,1.5 miles,70 feet,Latitude: 45.46532,Longitude: -123.45990,100 minutes
Starvation Creek Waterfalls Hike,Easy,4.3 miles,145 feet,Latitude: 45.68848,Longitude: -121.69031,1 hour
Stasel Falls Hike,Easy,3.2 miles,370 feet,Latitude: 44.80552,Longitude: -122.62736,60 minutes
Steam Donkey Loop Hike,Easy,0.8 miles,140 feet,Latitude: 45.7963,Longitude: -123.4589,50 minutes
Steamboat Mountain Hike,Easy,1.6 miles,575 feet,Latitude: 46.1351,Longitude: -121.7275,130 minutes
Steigerwald National Wildlife Refuge Hike,Easy,2.8 miles,0 feet,Latitude: 45.57024,Longitude: -122.314586,30 minutes
Still Creek Hike,Easy,3.2 miles,605 feet,Latitude: 45.30357,Longitude: -121.86953,70 minutes
Strawberry Island Loop Hike,Easy,3.2 miles,150 feet,Latitude: 45.6337,Longitude: -121.9787,50 minutes
Stub Stewart Northern Loop Hike,Easy,4.1 miles,480 feet,Latitude: 45.7417,Longitude: -123.1861,45 minutes
Summerlake Park Loop Hike,Easy,1 miles,20 feet,Latitude: 45.43653,Longitude: -122.81063,25 minutes
Sumpter Valley Dredge Loop Hike,Easy,1.8 miles,35 feet,Latitude: 44.7416,Longitude: -118.2032,
Sumpter Valley Interpretive Hike,Easy,0.5 miles,100 feet,Latitude: 44.534,Longitude: -118.6109,
Sundial Beach Loop Hike,Easy,3.6 miles,40 feet,Latitude: 45.55033,Longitude: -122.38865,20 minutes
Sutton Creek Loop Hike,Easy,4.3 miles,,Latitude: 44.0677,Longitude: -124.1229,
Sweet Creek Hike,Easy,5.2 miles,650 feet,Latitude: 43.9579,Longitude: -123.9022,3 hours
Sweet creek hike,Easy,5.2 miles,650 feet,Latitude: 43.9579,Longitude: -123.9022,3 hours
Tahkenitch Creek Loop Hike,Easy,2.6 miles,,Latitude: 43.8129,Longitude: -124.1544,
Takena Landing Hike,Easy,3.4 miles,65 feet,Latitude: 44.6406,Longitude: -123.1074,75 minutes